symbol,series,method,rank,period_ticks,frequency,power
COMP_0,returns,periodogram,1,5.004113345521024,0.19983560142478765,0.00020109943990635472
COMP_0,returns,periodogram,2,5.15732454074423,0.19389898620878618,0.00018060107494998425
COMP_0,returns,periodogram,3,5.0247820100963745,0.1990136085487259,0.00017901590892328888
COMP_0,returns,periodogram,4,5.145206766917293,0.19435564891770937,0.00015666309394255472
COMP_0,returns,periodogram,5,5.078385899814472,0.19691296008767922,0.00015505228629263996
COMP_0,abs_returns,periodogram,1,5.154896421845574,0.19399031875057082,0.00018468031718071182
COMP_0,abs_returns,periodogram,2,11.138351983723297,0.08977988857429901,0.00017229087073665703
COMP_0,abs_returns,periodogram,3,9.899638336347197,0.10101379121380948,0.0001673604368230101
COMP_0,abs_returns,periodogram,4,22.81041666666667,0.04383962005662617,0.00016330513800451657
COMP_0,abs_returns,periodogram,5,25.462790697674418,0.03927299296739428,0.00014560805779992566
COMP_0,returns,acf_peaks,1,294.0,0.003401360544217687,0.03653300917143048
COMP_0,returns,acf_peaks,2,581.0,0.0017211703958691911,0.03381821135171442
COMP_0,returns,acf_peaks,3,97.0,0.010309278350515464,0.03240576389458575
COMP_0,returns,acf_peaks,4,83.0,0.012048192771084338,0.030993072549473442
COMP_0,returns,acf_peaks,5,1542.0,0.0006485084306095979,0.030960794855580596
COMP_0,abs_returns,acf_peaks,1,1709.0,0.0005851375073142189,0.02822667608044662
COMP_0,abs_returns,acf_peaks,2,112.0,0.008928571428571428,0.02527936842471976
COMP_0,abs_returns,acf_peaks,3,98.0,0.01020408163265306,0.02466749695267268
COMP_0,abs_returns,acf_peaks,4,1376.0,0.0007267441860465116,0.02433615331123906
COMP_0,abs_returns,acf_peaks,5,905.0,0.0011049723756906078,0.023942680556559015
COMP_1,returns,periodogram,1,5.3383715260848374,0.18732304320029225,0.00013591877517400358
COMP_1,returns,periodogram,2,5.269008662175168,0.18978902182847748,0.00012592674235975654
COMP_1,returns,periodogram,3,5.87392703862661,0.170243857886565,8.433869490433441e-05
COMP_1,returns,periodogram,4,5.896068928379107,0.1696045300940725,8.263469705307387e-05
COMP_1,returns,periodogram,5,5.145206766917293,0.19435564891770937,7.880500735533568e-05
COMP_1,abs_returns,periodogram,1,28.889182058047496,0.03461503333637775,0.00010461102944426566
COMP_1,abs_returns,periodogram,2,15.464689265536723,0.06466343958352361,9.146535289069803e-05
COMP_1,abs_returns,periodogram,3,267.0487804878049,0.0037446342131701523,9.028399794619629e-05
COMP_1,abs_returns,periodogram,4,7.28476380572189,0.1372728103023107,9.018290799574371e-05
COMP_1,abs_returns,periodogram,5,16.975193798449613,0.058909489451091424,8.908265866294942e-05
COMP_1,returns,acf_peaks,1,1911.0,0.0005232862375719519,0.03464395072205711
COMP_1,returns,acf_peaks,2,612.0,0.0016339869281045752,0.03440557680649462
COMP_1,returns,acf_peaks,3,1522.0,0.000657030223390276,0.03341365551561799
COMP_1,returns,acf_peaks,4,225.0,0.0044444444444444444,0.033109729259304145
COMP_1,returns,acf_peaks,5,319.0,0.003134796238244514,0.03283588907728896
COMP_1,abs_returns,acf_peaks,1,407.0,0.002457002457002457,0.02761229362479255
COMP_1,abs_returns,acf_peaks,2,1901.0,0.0005260389268805891,0.027344905959583648
COMP_1,abs_returns,acf_peaks,3,635.0,0.0015748031496062992,0.027301964463746727
COMP_1,abs_returns,acf_peaks,4,791.0,0.0012642225031605564,0.02594768607490072
COMP_1,abs_returns,acf_peaks,5,1166.0,0.0008576329331046312,0.025156806757994785
COMP_2,returns,periodogram,1,6.1649774774774775,0.16220659420951686,0.00012202493145299097
COMP_2,returns,periodogram,2,5.8115711252653925,0.17207050872225774,0.00010864000099685019
COMP_2,returns,periodogram,3,5.880236305048335,0.1700611928029957,0.00010745949666879526
COMP_2,returns,periodogram,4,5.087825278810409,0.19654762992054067,0.00010698014915124669
COMP_2,returns,periodogram,5,6.213961407491487,0.16092793862453192,0.00010610587764659285
COMP_2,abs_returns,periodogram,1,9.872858431018935,0.1012877888391634,0.00022049172796334795
COMP_2,abs_returns,periodogram,2,23.906113537117907,0.04183030413736414,0.00014342414878310266
COMP_2,abs_returns,periodogram,3,101.37962962962963,0.00986391451274089,0.00012302580487917928
COMP_2,abs_returns,periodogram,4,8.607704402515724,0.11617499315005936,0.00010942356115717201
COMP_2,abs_returns,periodogram,5,31.46264367816092,0.03178372454105398,0.00010681607320679532
COMP_2,returns,acf_peaks,1,1478.0,0.0006765899864682003,0.03753754308940402
COMP_2,returns,acf_peaks,2,78.0,0.01282051282051282,0.03604214966770222
COMP_2,returns,acf_peaks,3,732.0,0.001366120218579235,0.0335710755673872
COMP_2,returns,acf_peaks,4,1785.0,0.0005602240896358543,0.032937625120156126
COMP_2,returns,acf_peaks,5,561.0,0.0017825311942959,0.03244757958947438
COMP_2,abs_returns,acf_peaks,1,929.0,0.001076426264800861,0.03448148511191173
COMP_2,abs_returns,acf_peaks,2,484.0,0.002066115702479339,0.0340297671968026
COMP_2,abs_returns,acf_peaks,3,800.0,0.00125,0.03163895147908253
COMP_2,abs_returns,acf_peaks,4,1359.0,0.0007358351729212656,0.028278925394566064
COMP_2,abs_returns,acf_peaks,5,1430.0,0.0006993006993006993,0.025926025508305563
COMP_3,returns,periodogram,1,5.354034229828851,0.18677504794958444,0.00010085594246905768
COMP_3,returns,periodogram,2,5.49372804816859,0.18202575577678326,9.730763675241017e-05
COMP_3,returns,periodogram,3,5.705575820739969,0.17526714768472007,9.617853220434048e-05
COMP_3,returns,periodogram,4,6.668087697929355,0.14996803361037536,9.391935720372194e-05
COMP_3,returns,periodogram,5,5.2113279390766305,0.19188967028952414,9.224202201321539e-05
COMP_3,abs_returns,periodogram,1,10.447519083969466,0.09571650379030049,9.722489046288124e-05
COMP_3,abs_returns,periodogram,2,51.16355140186916,0.019545163941912504,9.363003135990704e-05
COMP_3,abs_returns,periodogram,3,9.048760330578512,0.11051237555941182,8.665955845740255e-05
COMP_3,abs_returns,periodogram,4,14.219480519480518,0.07032605717417116,8.387932206367274e-05
COMP_3,abs_returns,periodogram,5,56.14871794871795,0.017809845648004384,8.095502206075422e-05
COMP_3,returns,acf_peaks,1,1924.0,0.0005197505197505198,0.03832712348457024
COMP_3,returns,acf_peaks,2,772.0,0.0012953367875647669,0.03787086437363033
COMP_3,returns,acf_peaks,3,396.0,0.0025252525252525255,0.03761900264476164
COMP_3,returns,acf_peaks,4,1686.0,0.0005931198102016608,0.03222792337707277
COMP_3,returns,acf_peaks,5,7.0,0.14285714285714285,0.03222175824620577
COMP_3,abs_returns,acf_peaks,1,258.0,0.003875968992248062,0.03450668216828794
COMP_3,abs_returns,acf_peaks,2,1460.0,0.0006849315068493151,0.02857965879011384
COMP_3,abs_returns,acf_peaks,3,1138.0,0.0008787346221441124,0.0283820209799061
COMP_3,abs_returns,acf_peaks,4,17.0,0.058823529411764705,0.026966407036820152
COMP_3,abs_returns,acf_peaks,5,1778.0,0.0005624296962879641,0.026628222971394184
COMP_4,returns,periodogram,1,5.433746898263028,0.1840350716960453,0.00019929249480113236
COMP_4,returns,periodogram,2,5.485470941883768,0.18229975340213717,0.00016549604930245784
COMP_4,returns,periodogram,3,5.171941426547001,0.19335099095807837,0.00014219497034431168
COMP_4,returns,periodogram,4,5.196487897484576,0.19243766554023198,0.0001368457683060099
COMP_4,returns,periodogram,5,5.790058170280275,0.1727098365147502,0.00013482949854730204
COMP_4,abs_returns,periodogram,1,29.353887399463808,0.03406703808566992,0.00021243376649535792
COMP_4,abs_returns,periodogram,2,16.614567526555387,0.06018814503607635,0.00021210056095779427
COMP_4,abs_returns,periodogram,3,9.93557168784029,0.10064846104667093,0.00019891878964309117
COMP_4,abs_returns,periodogram,4,29.11968085106383,0.034341035711023836,0.00014983346897417822
COMP_4,abs_returns,periodogram,5,273.725,0.0036533016713855143,0.00014845452124598524
COMP_4,returns,acf_peaks,1,94.0,0.010638297872340425,0.038663160987973705
COMP_4,returns,acf_peaks,2,1316.0,0.0007598784194528875,0.034709634731443506
COMP_4,returns,acf_peaks,3,825.0,0.0012121212121212121,0.03453403952757353
COMP_4,returns,acf_peaks,4,464.0,0.0021551724137931034,0.03397375889112653
COMP_4,returns,acf_peaks,5,1021.0,0.0009794319294809011,0.032988254615465194
COMP_4,abs_returns,acf_peaks,1,784.0,0.0012755102040816326,0.03495861521229139
COMP_4,abs_returns,acf_peaks,2,1112.0,0.0008992805755395684,0.03356484091825361
COMP_4,abs_returns,acf_peaks,3,238.0,0.004201680672268907,0.027893807761170827
COMP_4,abs_returns,acf_peaks,4,1180.0,0.000847457627118644,0.02756767372971149
COMP_4,abs_returns,acf_peaks,5,494.0,0.0020242914979757085,0.027481950756481185
COMP_5,returns,periodogram,1,5.3724239450441615,0.18613572015709196,0.00030805272028039334
COMP_5,returns,periodogram,2,5.154896421845574,0.19399031875057082,0.00027875307163862637
COMP_5,returns,periodogram,3,6.540621266427718,0.1528906749474838,0.00027677081310540193
COMP_5,returns,periodogram,4,5.449975111996018,0.18348707644533746,0.00027639020192211456
COMP_5,returns,periodogram,5,5.99288451012589,0.16686455384053336,0.0002743011526091459
COMP_5,abs_returns,periodogram,1,24.827664399092974,0.040277650927025295,0.00038764018488999147
COMP_5,abs_returns,periodogram,2,41.161654135338345,0.02429445611471367,0.0003470933618774199
COMP_5,abs_returns,periodogram,3,27.789340101522843,0.03598502146314732,0.0003429562656372704
COMP_5,abs_returns,periodogram,4,6.343568945538819,0.15763996712028494,0.0003255905574387856
COMP_5,abs_returns,periodogram,5,70.63870967741936,0.014156543976618868,0.00032038618632431793
COMP_5,returns,acf_peaks,1,563.0,0.0017761989342806395,0.035272956077368495
COMP_5,returns,acf_peaks,2,255.0,0.00392156862745098,0.034080210202582395
COMP_5,returns,acf_peaks,3,1597.0,0.0006261740763932373,0.0327235495218632
COMP_5,returns,acf_peaks,4,648.0,0.0015432098765432098,0.03098745620634129
COMP_5,returns,acf_peaks,5,1103.0,0.0009066183136899365,0.030327186929332086
COMP_5,abs_returns,acf_peaks,1,1930.0,0.0005181347150259067,0.03251313750976749
COMP_5,abs_returns,acf_peaks,2,1483.0,0.0006743088334457181,0.03214828617646616
COMP_5,abs_returns,acf_peaks,3,539.0,0.0018552875695732839,0.03182665401310597
COMP_5,abs_returns,acf_peaks,4,1314.0,0.00076103500761035,0.02861863516204293
COMP_5,abs_returns,acf_peaks,5,1445.0,0.0006920415224913495,0.028048763676037813
COMP_6,returns,periodogram,1,6.536716417910448,0.15298200748926843,6.474238974245692e-05
COMP_6,returns,periodogram,2,5.05493998153278,0.1978262855055256,6.069328890978071e-05
COMP_6,returns,periodogram,3,5.097299813780261,0.19618229975340212,5.8348119349081566e-05
COMP_6,returns,periodogram,4,5.4229816740960874,0.18440040186318385,5.623365163774933e-05
COMP_6,returns,periodogram,5,5.449975111996018,0.18348707644533746,5.49020881405239e-05
COMP_6,abs_returns,periodogram,1,15.686246418338108,0.06375011416567723,6.592201782837672e-05
COMP_6,abs_returns,periodogram,2,6.13389355742297,0.16302858708557857,6.373846993593426e-05
COMP_6,abs_returns,periodogram,3,6.591812161348585,0.1517033519042835,6.055996505949032e-05
COMP_6,abs_returns,periodogram,4,6.696636085626912,0.1493287058178829,5.8613400000847646e-05
COMP_6,abs_returns,periodogram,5,27.372500000000002,0.03653301671385514,5.8285798197769845e-05
COMP_6,returns,acf_peaks,1,568.0,0.0017605633802816902,0.038059522658681656
COMP_6,returns,acf_peaks,2,397.0,0.0025188916876574307,0.037115377562455955
COMP_6,returns,acf_peaks,3,261.0,0.0038314176245210726,0.03577172766770928
COMP_6,returns,acf_peaks,4,1928.0,0.0005186721991701245,0.034692924387152727
COMP_6,returns,acf_peaks,5,1414.0,0.0007072135785007072,0.03389790135997682
COMP_6,abs_returns,acf_peaks,1,356.0,0.0028089887640449437,0.03263707827285023
COMP_6,abs_returns,acf_peaks,2,1799.0,0.0005558643690939411,0.02815872899903267
COMP_6,abs_returns,acf_peaks,3,1017.0,0.0009832841691248771,0.027286416699802887
COMP_6,abs_returns,acf_peaks,4,517.0,0.0019342359767891683,0.026997575993889675
COMP_6,abs_returns,acf_peaks,5,644.0,0.0015527950310559005,0.026907761830488524
COMP_7,returns,periodogram,1,6.103121516164995,0.16385057996164032,7.568012567949868e-05
COMP_7,returns,periodogram,2,5.02939825447864,0.19883094346515662,6.106609910760979e-05
COMP_7,returns,periodogram,3,5.102050326188257,0.19599963466983286,5.669942074732273e-05
COMP_7,returns,periodogram,4,5.918378378378379,0.16896520230158005,5.496431862410899e-05
COMP_7,returns,periodogram,5,5.3279805352798055,0.1876883733674308,5.227330012422835e-05
COMP_7,abs_returns,periodogram,1,5.867631296891747,0.17042652297013425,0.0001027811202461205
COMP_7,abs_returns,periodogram,2,22.390593047034766,0.044661612932687916,6.352214668160547e-05
COMP_7,abs_returns,periodogram,3,88.29838709677419,0.011325235181295095,5.9776892019441126e-05
COMP_7,abs_returns,periodogram,4,57.93121693121694,0.017261850397296555,5.6193699007814076e-05
COMP_7,abs_returns,periodogram,5,19.58676207513417,0.05105489085761256,5.586907305005149e-05
COMP_7,returns,acf_peaks,1,42.0,0.023809523809523808,0.03483292741723386
COMP_7,returns,acf_peaks,2,384.0,0.0026041666666666665,0.033649106510209824
COMP_7,returns,acf_peaks,3,1373.0,0.0007283321194464676,0.033482997878888254
COMP_7,returns,acf_peaks,4,1066.0,0.0009380863039399625,0.032209639464420466
COMP_7,returns,acf_peaks,5,1254.0,0.0007974481658692185,0.029810875265973705
COMP_7,abs_returns,acf_peaks,1,1395.0,0.0007168458781362007,0.02967642865577914
COMP_7,abs_returns,acf_peaks,2,1162.0,0.0008605851979345956,0.029379374769429832
COMP_7,abs_returns,acf_peaks,3,746.0,0.0013404825737265416,0.02922630984465707
COMP_7,abs_returns,acf_peaks,4,1878.0,0.0005324813631522897,0.027488983765316364
COMP_7,abs_returns,acf_peaks,5,1093.0,0.0009149130832570906,0.02746995503491837
COMP_8,returns,periodogram,1,6.623714458560194,0.1509726915700064,0.00039790558102946845
COMP_8,returns,periodogram,2,5.299612778315586,0.18869303132706183,0.00033330515434126356
COMP_8,returns,periodogram,3,5.179280983916746,0.19307699333272443,0.0003212502787383071
COMP_8,returns,periodogram,4,6.5878459687123945,0.15179468444606814,0.0003145985948559662
COMP_8,returns,periodogram,5,5.196487897484576,0.19243766554023198,0.0002910765235273297
COMP_8,abs_returns,periodogram,1,8.238525206922498,0.12138094803178372,0.0003290389439512345
COMP_8,abs_returns,periodogram,2,13.25544794188862,0.07544067951411088,0.00027986468398875203
COMP_8,abs_returns,periodogram,3,12.498858447488585,0.08000730660334276,0.0002728422681774784
COMP_8,abs_returns,periodogram,4,116.47872340425532,0.008585258927755959,0.00025696984937025416
COMP_8,abs_returns,periodogram,5,11.334368530020704,0.08822723536396018,0.00025377469436928994
COMP_8,returns,acf_peaks,1,464.0,0.0021551724137931034,0.03324568736817697
COMP_8,returns,acf_peaks,2,499.0,0.002004008016032064,0.03277946704409648
COMP_8,returns,acf_peaks,3,824.0,0.0012135922330097086,0.03223786529764383
COMP_8,returns,acf_peaks,4,733.0,0.001364256480218281,0.032029475063411465
COMP_8,returns,acf_peaks,5,688.0,0.0014534883720930232,0.03183138071935688
COMP_8,abs_returns,acf_peaks,1,193.0,0.0051813471502590676,0.033891822168279254
COMP_8,abs_returns,acf_peaks,2,536.0,0.0018656716417910447,0.03298088244286424
COMP_8,abs_returns,acf_peaks,3,1441.0,0.0006939625260235947,0.031798092095101566
COMP_8,abs_returns,acf_peaks,4,25.0,0.04,0.030425364879209972
COMP_8,abs_returns,acf_peaks,5,1861.0,0.0005373455131649651,0.02819003834983438
COMP_9,returns,periodogram,1,5.279170684667309,0.18942369166133893,0.00019677141133104262
COMP_9,returns,periodogram,2,6.120178870877586,0.16339391725271712,0.00018323745515842643
COMP_9,returns,periodogram,3,5.154896421845574,0.19399031875057082,0.00016628068618057852
COMP_9,returns,periodogram,4,5.179280983916746,0.19307699333272443,0.00016598906199464253
COMP_9,returns,periodogram,5,5.013278388278389,0.1994702712576491,0.0001655452717689226
COMP_9,abs_returns,periodogram,1,9.185402684563758,0.10886838980728833,0.00017910379657512916
COMP_9,abs_returns,periodogram,2,8.29469696969697,0.12055895515572199,0.0001790731152779283
COMP_9,abs_returns,periodogram,3,17.406995230524643,0.057448168782537216,0.00017873477296649867
COMP_9,abs_returns,periodogram,4,42.60311284046693,0.02347246323865193,0.00016278595093545043
COMP_9,abs_returns,periodogram,5,5.154896421845574,0.19399031875057082,0.0001586707730972638
COMP_9,returns,acf_peaks,1,357.0,0.0028011204481792717,0.034999879922706846
COMP_9,returns,acf_peaks,2,1145.0,0.0008733624454148472,0.03294349158304697
COMP_9,returns,acf_peaks,3,716.0,0.0013966480446927375,0.03244119979800624
COMP_9,returns,acf_peaks,4,1370.0,0.00072992700729927,0.03110923000033082
COMP_9,returns,acf_peaks,5,26.0,0.038461538461538464,0.031064453835484465
COMP_9,abs_returns,acf_peaks,1,1655.0,0.0006042296072507553,0.03037414333661576
COMP_9,abs_returns,acf_peaks,2,1782.0,0.0005611672278338945,0.030013054129683858
COMP_9,abs_returns,acf_peaks,3,1478.0,0.0006765899864682003,0.027565502683988143
COMP_9,abs_returns,acf_peaks,4,947.0,0.0010559662090813093,0.02690077061169546
COMP_9,abs_returns,acf_peaks,5,1444.0,0.0006925207756232687,0.02653248485616545
EXT_0,returns,periodogram,1,5.23124701385571,0.19115900995524704,0.0002834436218946442
EXT_0,returns,periodogram,2,5.741478762454117,0.1741711571833044,0.0002673578674410578
EXT_0,returns,periodogram,3,5.064292321924144,0.19746095533838706,0.00022570975881708265
EXT_0,returns,periodogram,4,5.179280983916746,0.19307699333272443,0.000202027932997918
EXT_0,returns,periodogram,5,5.001827318410233,0.1999269339665723,0.0001851362242973053
EXT_0,abs_returns,periodogram,1,23.002100840336137,0.04347428988948762,0.00026075219708534544
EXT_0,abs_returns,periodogram,2,21.55314960629921,0.046396931226596036,0.00017451373454560858
EXT_0,abs_returns,periodogram,3,9.496097137901128,0.10530642067768746,0.00017389889841867468
EXT_0,abs_returns,periodogram,4,10.538017324350337,0.09489451091423874,0.00017074063011641413
EXT_0,abs_returns,periodogram,5,8.981952420016407,0.11133436843547355,0.0001691748788431474
EXT_0,returns,acf_peaks,1,990.0,0.00101010101010101,0.036624145891567234
EXT_0,returns,acf_peaks,2,1847.0,0.0005414185165132648,0.035235854546656245
EXT_0,returns,acf_peaks,3,151.0,0.006622516556291391,0.03414465189016169
EXT_0,returns,acf_peaks,4,1823.0,0.0005485463521667581,0.032924210753494824
EXT_0,returns,acf_peaks,5,1433.0,0.0006978367062107466,0.03218340659353147
EXT_0,abs_returns,acf_peaks,1,1149.0,0.0008703220191470844,0.03188587233183884
EXT_0,abs_returns,acf_peaks,2,323.0,0.0030959752321981426,0.02889969876316017
EXT_0,abs_returns,acf_peaks,3,182.0,0.005494505494505495,0.02861258197132649
EXT_0,abs_returns,acf_peaks,4,211.0,0.004739336492890996,0.02808961988389906
EXT_0,abs_returns,acf_peaks,5,65.0,0.015384615384615385,0.025471016246770208
EXT_1,returns,periodogram,1,6.540621266427718,0.1528906749474838,0.00011262692484756815
EXT_1,returns,periodogram,2,5.3724239450441615,0.18613572015709196,9.854534509416983e-05
EXT_1,returns,periodogram,3,5.2113279390766305,0.19188967028952414,8.703819814868662e-05
EXT_1,returns,periodogram,4,5.687792207792208,0.17581514293542788,8.16548143173406e-05
EXT_1,returns,periodogram,5,5.99288451012589,0.16686455384053336,8.108388165529072e-05
EXT_1,abs_returns,periodogram,1,8.140520446096653,0.12284226870033793,0.00016528752914194935
EXT_1,abs_returns,periodogram,2,16.58939393939394,0.06027947757786099,0.00012009494929866284
EXT_1,abs_returns,periodogram,3,23.099156118143462,0.04329162480591835,0.0001146265442529105
EXT_1,abs_returns,periodogram,4,57.32460732984294,0.01744451548086583,0.00011134248871834416
EXT_1,abs_returns,periodogram,5,5.1670599339311,0.19353365604164763,0.00010974676185138282
EXT_1,returns,acf_peaks,1,570.0,0.0017543859649122807,0.041639466244226944
EXT_1,returns,acf_peaks,2,739.0,0.0013531799729364006,0.0411969037711781
EXT_1,returns,acf_peaks,3,1480.0,0.0006756756756756757,0.03809085313630868
EXT_1,returns,acf_peaks,4,1473.0,0.0006788866259334691,0.03405834081518585
EXT_1,returns,acf_peaks,5,1597.0,0.0006261740763932373,0.03275683390555843
EXT_1,abs_returns,acf_peaks,1,113.0,0.008849557522123894,0.03272851010096846
EXT_1,abs_returns,acf_peaks,2,552.0,0.0018115942028985507,0.03012553225745477
EXT_1,abs_returns,acf_peaks,3,895.0,0.0011173184357541898,0.029464811511429854
EXT_1,abs_returns,acf_peaks,4,927.0,0.0010787486515641855,0.028440749486966156
EXT_1,abs_returns,acf_peaks,5,802.0,0.0012468827930174563,0.02838033343090643
EXT_2,returns,periodogram,1,5.241263762565821,0.1907936797881085,0.0004281171633033353
EXT_2,returns,periodogram,2,5.154896421845574,0.19399031875057082,0.00036958853864411104
EXT_2,returns,periodogram,3,5.299612778315586,0.18869303132706183,0.0003568626846167751
EXT_2,returns,periodogram,4,5.741478762454117,0.1741711571833044,0.000344325764898323
EXT_2,returns,periodogram,5,5.1743856332703215,0.19325965841629372,0.00031257237740741424
EXT_2,abs_returns,periodogram,1,9.124166666666667,0.10959905014156543,0.00043248080988596066
EXT_2,abs_returns,periodogram,2,5.330574488802337,0.18759704082564618,0.0003149099398855402
EXT_2,abs_returns,periodogram,3,7.820714285714286,0.12786555849849301,0.0003097250823525893
EXT_2,abs_returns,periodogram,4,1824.8333333333333,0.0005479952507078272,0.0002962428476639513
EXT_2,abs_returns,periodogram,5,11.28762886597938,0.08859256553109873,0.0002765504716541936
EXT_2,returns,acf_peaks,1,783.0,0.001277139208173691,0.03694936374139721
EXT_2,returns,acf_peaks,2,266.0,0.0037593984962406013,0.036215028626381644
EXT_2,returns,acf_peaks,3,1251.0,0.0007993605115907274,0.03436100971450927
EXT_2,returns,acf_peaks,4,8.0,0.125,0.032942824900613274
EXT_2,returns,acf_peaks,5,214.0,0.004672897196261682,0.03286839706207165
EXT_2,abs_returns,acf_peaks,1,265.0,0.0037735849056603774,0.030715979051116945
EXT_2,abs_returns,acf_peaks,2,33.0,0.030303030303030304,0.0302705686985005
EXT_2,abs_returns,acf_peaks,3,804.0,0.0012437810945273632,0.030072090376452486
EXT_2,abs_returns,acf_peaks,4,111.0,0.009009009009009009,0.028846383324795825
EXT_2,abs_returns,acf_peaks,5,1524.0,0.0006561679790026247,0.02746967086007023
